090-6596-9843	tgOaF@test.net
080-4644-9375	rkdET0bL@test.jp
080-9462-7566	SYZJX@test.net
080-3090-8063	KH2uVrLbK@test.com
080-1110-5224	T4oXcq@test.com
080-9036-8786	QLWVl@test.com
080-3582-3728	atvDCHT7mI@test.jp
090-3735-7136	s9ucEFp@test.co.jp
080-4837-9157	BpkZbxN@example.co.jp
080-5067-6911	gUR97c@sample.org
090-4731-9733	bww_oLvX@test.org
090-7386-6415	m3rZnDEZr@sample.co.jp
090-0960-6439	Tzz1LvPw@sample.org
090-9892-2097	pdeE1bxz@example.com
090-5005-0085	THRV1hyM@test.co.jp
080-4389-9356	vlSKag@test.jp
090-3998-0217	O9dmDu@sample.org
080-3515-7827	ydFfL7BQIN@sample.org
090-4973-0310	ujCeC@test.net
080-1982-5082	NMQNZL@sample.org
090-6428-4314	Eo_UuEjiJP@example.com
080-8569-6238	JXP_cHeTbJ@test.com
090-9830-4378	gMozF@example.net
080-2131-1621	fxYVO@sample.net
080-2420-5017	yIy_Bw07@example.org
080-5845-8153	IHMmy8@test.jp
090-4487-7542	Rc9cRu@test.jp
090-9041-4017	arkjgykeI_@test.com
080-8833-7769	fizv6EL@example.com
090-6769-5158	FDDaI@example.net
090-6101-2401	f5gEidOx@test.com
090-7528-5701	CQ73P_@example.net
080-4283-3406	IwyNJ6TLy2@test.jp
080-8033-7790	sZvqg9@sample.org
080-8703-1637	MUKLzN@example.jp
080-5904-9224	R8_wBohN@test.org
080-5607-9415	v2EwJ@sample.co.jp
080-5441-1914	GE3v9IWa4v@example.jp
080-6250-1272	mjmABxq0u@test.co.jp
080-8029-7582	LMWl4d@sample.jp
090-8957-0485	e7QEHu@sample.com
080-4077-7589	pK94A@sample.jp
080-7363-4205	Xw5xIlb@sample.co.jp
090-7786-7760	konGe@example.jp
090-2530-7516	fVVh9ZbN@test.org
090-1295-4211	J_H4V9UMo@test.org
080-6445-7947	bN4qXkhhKW@test.com
090-2761-2988	PqG1uU7Lac@test.com
080-6125-3189	px6xq@example.net
090-8216-4638	v_PksQv@sample.co.jp
080-7383-6823	MNRENx@example.jp
090-9166-9238	vuCbiNi@sample.jp
080-3828-0014	YuW5Jz@sample.co.jp
090-1210-7154	qrZdrXy@test.jp
080-0477-1304	pbpEbB@test.co.jp
080-4975-5734	CioQw_@test.org
080-4225-4093	C3dWDI@example.jp
080-3275-7382	OUkfpp4M@test.net
080-1605-2248	FQwWb@example.com
080-0637-2605	TBFAat@sample.com
090-4205-2678	FDtVYn4MO1@example.org
080-8410-5262	gCHy3yX@test.com
080-1197-3673	w_iio9O@test.jp
090-2585-5873	VS1nz7l33Z@sample.com
080-8657-8871	SAllMquN7@example.co.jp
080-2257-8569	yEeJ4VDv@test.net
080-2255-8952	Lrbd64i@sample.jp
090-8777-4049	yJycA@sample.net
080-1121-4251	AiUxcbUdi@example.com
090-3736-9495	Eoi1Xp@sample.jp
090-2714-2446	hYpx2Xe@sample.co.jp
090-2712-9370	mdPJeEGjQ3@example.jp
080-0633-5949	Cb0SJaX@sample.com
080-7923-8796	OTCrQo9X@sample.jp
090-3966-5728	xtz3p@test.net
090-1084-3402	xdGmgd@sample.com
080-2358-7946	MnC_s@example.jp
090-7865-7775	fFEGNN@example.net
080-4761-2957	bgKZlx@example.net
080-7901-9964	hxN_od5@example.jp
090-2226-6494	vbBED@test.net
080-1287-1456	kFpWV5p@example.org
080-6481-2191	EzvXnqnCD@test.com
080-6199-1522	rU781U@sample.net
090-0697-0491	kzOJI56u@test.co.jp
080-9258-5725	CiRcszPWV@example.co.jp
080-8266-7141	mw0PsDq@sample.org
080-3768-8732	RB3Y2pe@sample.net
090-3111-0776	fuxUZlXT@test.co.jp
090-3382-0117	DQjfbTSIT@test.co.jp
090-5991-6123	dHLj3@example.com
080-0756-7748	CXjAuoOK@test.co.jp
090-9039-4343	nuCLjp@sample.com
080-8929-0119	j5Mal4ZY5@test.com
090-5166-4126	MxmQsnB@example.jp
080-3791-2084	Nbtc_rv1@example.net
090-1488-8396	okM8EGPs27@example.com
090-9298-4657	D0PxPrsJC@test.co.jp
090-7809-7329	wfcGIg0m_@test.net
090-4872-7510	tRPLwX9FE@sample.com
090-1372-7717	d0V843AV@example.org
090-4915-8991	spbZzCH@example.co.jp
080-9445-6249	N3zRtN65ee@example.net
090-7800-3874	i4_2l@sample.co.jp
080-8624-5986	RzxLDYwJ1@example.jp
090-7014-0069	Q7LFgkeB@example.org
090-2292-1198	UMAxNToDR@sample.net
080-2848-5502	ieiJ9E@example.net
080-4386-1602	TCKSP@test.jp
090-1615-0472	yXX5G8RQR@sample.com
080-5702-1350	SDpxSJj@example.org
090-9919-5750	PimjYhLH@example.com
080-8122-7590	HnnCM@test.co.jp
090-1941-0025	fc4ZEdwR9@test.jp
080-7822-6176	QJVc_Qo@example.jp
090-5674-3068	lPq2eN2@example.jp
090-8577-6961	V13OZBHMii@sample.com
090-7498-7311	v7FJu@sample.com
080-2447-1212	oZLTLxQK@test.co.jp
090-0171-2037	qZKTl@example.org
080-4598-8458	BmNwo@example.net
090-9490-5662	ONfTA@test.jp
080-1828-2827	bKCa7EdWZ@example.com
090-1825-0015	Bu4OBSXwZ@sample.jp
080-5718-1827	jgcgaBb@example.org
090-6304-3180	dgwMjt@test.com
090-7249-0779	uFq6s@test.net
080-3605-9757	A7gEjQ@example.co.jp
090-0756-4295	y1T22UHZKq@example.jp
090-9364-6700	s7VWO0S@test.com
090-1917-0234	ie4kvW@example.net
090-7186-3511	aBriALz_9@sample.jp
080-2147-9393	Ke505FPX@example.org
090-1444-2255	XJ55V2EZp@sample.org
090-0847-8419	FtmyufyruH@example.com
090-6428-2418	n_LLlrCBn2@test.org
090-2723-8275	gWdT0StRt@example.net
090-9350-6669	xY2NgAHF@example.net
090-6651-0985	MEMdx5M@example.com
080-1225-6837	Je8Bxx_F1@example.org
080-8566-2589	SOUgO@test.co.jp
080-9470-3031	YA_Kyq8@test.com
090-3407-4052	wHCiGd@example.net
090-7557-8541	hkpNCMK0A@test.co.jp
080-0926-6483	kgN81n@test.com
090-6361-1077	W6D4jG@test.org
080-8235-4908	i_0x21Gh@example.jp
090-4214-5260	RnMQ1HJSaG@example.com
080-0711-9380	PHOqa@test.net
080-6518-7208	G5D15@test.co.jp
080-2394-1432	rRoAdM7@test.org
080-5744-4335	s4EgQ_wCw@test.jp
090-0486-1252	m024W@sample.net
080-3480-2410	s4jeP7Qq@sample.jp
090-8964-3648	AHu7wPL@test.org
080-8296-0386	ut1BBZ@sample.net
080-7445-6423	K4lZzppi3T@test.org
080-3957-6057	jALN2WpFd@test.co.jp
080-2044-7749	xkFApNEl@test.com
090-9488-2561	b1OPo1@test.co.jp
090-7943-4239	sgwY_J_L@sample.org
080-3374-5621	tPncJ09A@example.com
080-2239-5759	uG93QDi_@sample.jp
080-3953-6198	nj23v@sample.org
090-5865-4671	WCFdwkHR7@example.net
080-5053-0867	DIPg6EfL5T@test.com
090-2218-0929	RZzJ62v3@example.com
090-7117-6104	QUQJG@example.jp
090-4702-9764	gpTe4V@example.co.jp
080-1191-9441	lHrlS@example.org
080-6811-8605	QDGcYS@sample.co.jp
080-7251-9772	F6Dcr7az@test.com
090-4377-3594	iDSOXM13E8@example.jp
090-8551-4172	lf3eZ@test.jp
090-9115-4432	Le6R9k@test.com
080-5910-9771	EtYPDBgXw@example.jp
090-3560-9857	H1NgpZ@sample.org
090-1106-6332	JZiYUOsXH6@test.co.jp
080-8768-3387	oFA1676N@sample.co.jp
080-2451-5851	IJKk6hZeY@example.net
090-9558-8347	K_adcWzss@example.com
090-8625-6599	f3cR_Bht9h@test.com
080-5669-1628	FN12R@test.net
090-1057-0452	rFhhFjJ9Xa@test.com
080-4294-0558	c7a3t@sample.net
090-7651-4792	AAyOo@sample.org
080-5947-3196	p98jwEA6@example.com
090-3991-7819	WZwBdib@sample.org
090-6411-4943	Cfd286BIi@sample.com
090-9138-8783	xTxuz@sample.com
080-8565-4375	AOKWcSyU3y@test.net
090-4529-3904	yxAUkTv2P@test.jp
090-7943-1635	VBCwc1@sample.net
080-3461-2517	yDThmJCqp@sample.jp
090-7168-3975	q_TKeC3m@example.co.jp
090-7250-1355	fbyvVIunk@test.org
080-3473-8596	XJIWQ6t45@sample.com
080-2010-0907	b6gO5KQ0vk@test.co.jp
090-1039-8806	s3wTo9@sample.co.jp
080-8381-4053	d_eYjiyn9@test.com
080-0306-6056	LC1Las2@example.co.jp
090-9552-2063	k_nlvHlc@sample.org
090-2928-6055	dGnzTo@sample.net
080-9155-2553	Hf6QPv9@sample.com
080-2711-1800	mQNVfh@example.co.jp
090-7977-7179	R9Qji@example.org
080-1166-7071	YNDpzGS@sample.jp
080-9449-3612	WUM9LW@test.co.jp
080-6927-1880	V4P6rMsP7@example.com
080-0734-7791	TNJXsvZTY@sample.com
090-2113-0959	rn_pmh@sample.jp
080-8032-4585	gp67ELasal@sample.com
090-5387-4169	clLPuzH3bj@sample.com
090-3815-5792	uANu8or5D@sample.org
080-2452-9158	BG8P7Au@test.org
090-0270-9211	Dv94NjrA@test.co.jp
090-2356-0272	cWFVm_T@example.co.jp
080-8224-8538	SWUU1UzeD@example.com
080-8198-7680	qOIZJSVD@test.org
090-0234-1564	ULFoW@sample.net
080-9284-8111	T8CxX6@sample.co.jp
090-5483-1250	xe1vZ@sample.com
080-0717-1554	DzwddvL@sample.jp
090-0770-6914	vntw3@test.co.jp
080-1378-8833	kK0IJIL@sample.co.jp
090-3639-0316	jLN0N8hxY7@test.com
080-9451-3457	XV6zdQoGX@sample.com
090-5017-8843	sT5MPHsC@test.jp
080-1811-8465	giTparj4WM@test.net
090-2169-0888	rKx1B@test.net
080-1756-6222	sBhhk@example.com
090-2988-4153	uH1cs@sample.jp
080-9478-4947	gT1p3@test.co.jp
090-5552-7238	rxlKOXLExj@example.net
090-2394-1122	ilBngcups6@test.jp
080-5425-0942	lGTn8r7fr@example.net
090-9136-2702	ntNsNv@example.net
080-6115-0517	tkSS2gI4@example.jp
090-6272-0578	p35eeR@sample.com
090-9151-6510	HZCMeqgIM@example.com
080-7254-1713	eymZK@example.jp
090-4196-0056	HaUpdrK@sample.net
090-4719-8939	EjUnr32@sample.co.jp
090-5673-2711	gt4JfVE@sample.jp
080-6406-3389	VFTtGAv_mM@example.co.jp
080-8998-7773	xHjnq0fIy@sample.org
080-8445-8582	cW9Ix0uZ8@sample.jp
080-2293-3285	OqbRgJy7@sample.org
080-7484-7519	kTjDsob@sample.org
090-6549-4451	gLYBNv@test.org
080-6847-8637	drto1i71@sample.com
090-5821-2052	I2sAHtyxAE@test.co.jp
080-5924-0610	sUqDlsDn9@test.jp
090-8798-9876	OWVm8@example.com
090-6008-4654	VXSDx@sample.jp
080-0725-0524	IO7GCXnE@test.net
090-0927-7689	ybd0iM6qt@test.jp
090-6259-9062	AWJgRr@sample.org
080-6158-6482	ea_ihi@example.jp
090-8119-0118	cEGf91dTRz@test.net
080-7880-8092	AFU5krdAy@sample.net
080-5203-9761	mDZns4OE@test.org
090-1622-2777	Dz58FbN@sample.co.jp
090-0540-3210	H4ZWXk@test.co.jp
090-7935-3197	wd9n3@example.net
080-6333-3544	FGLri@test.org
080-1015-7143	vxEI0@test.jp
080-4760-4466	EGYAfPMN6D@example.co.jp
080-5763-5946	U7tBJeTE@sample.com
080-2065-2152	J9xaR@test.org
080-0060-3220	bVoCf@sample.jp
090-8208-4054	Fc0o3zo@example.com
090-8776-2141	fhe3B_ZUhC@sample.com
080-2675-1450	tOm1vIv1ZF@example.jp
080-5274-9666	PGmlA@test.jp
090-5552-4134	A_7bwJLVec@test.co.jp
080-5580-2785	r3rM7XMBGT@sample.jp
090-7007-7940	SlLQZeqTib@test.jp
090-9849-4599	TUxd0@test.jp
080-6008-4873	gf_EExrn@sample.com
080-0041-9782	vAVeKKngso@test.com
080-1215-0773	EhEVFYKK@example.com
080-1551-7365	Q7IuxT@sample.net
080-0295-0592	stW5yYw6@test.net
090-9495-3047	wjq96@sample.com
080-5896-0208	vY5kB@test.jp
090-0848-4261	rqqhuEOK@sample.net
090-9786-3497	Lrqxx0y3@sample.jp
080-8477-2854	yHtTpH@test.net
090-5647-2076	VNYEW@test.jp
080-0175-8430	lAvGv@test.co.jp
080-6484-0292	eHIXIaubWu@example.co.jp
090-6760-7120	UT6V5F7@test.co.jp
090-1908-7524	JXexn8Ys0c@sample.jp
090-1384-1581	WQ6Qs0I0g@example.co.jp
090-6239-6811	uGRdogh@test.co.jp
080-0249-6284	Vgx4o1BB@example.net
080-5962-1237	jz1MdmBzmS@test.net
080-6006-9062	kFYkJ@test.jp
090-6197-6989	nqfwMUrA@sample.co.jp
